Food,Year,Ranking
Sushi,2018,1
Sashimi,2018,2
Tempura,2018,3
Ramen,2018,4
Udon,2018,5
Okonomiyaki,2018,6
Gyoza,2018,7
Japanese Sweets,2018,8
Yakitori,2018,9
Miso Soup,2018,10
Unagi,2018,11
Shabu Shabu,2018,12
Takoyaki,2018,13
Gyoza,2021,1
Sushi,2021,2
Miso Soup,2021,3
Japanese Sweets,2021,4
Okonomiyaki,2021,5
Ramen,2021,6
Sashimi,2021,7
Shabu Shabu,2021,8
Takoyaki,2021,9
Tempura,2021,10
Udon,2021,11
Unagi,2021,12
Yakitori,2021,13
Sushi,2022,1
Ramen,2022,2
Sashimi,2022,3
Yakitori,2022,4
Japanese Sweets,2022,5
Gyoza,2022,6
Shabu Shabu,2022,7
Miso Soup,2022,8
Tempura,2022,9
Udon,2022,10
Okonomiyaki,2022,11
Takoyaki,2022,12
Unagi,2022,13
